epoch,loss,train_acc,lr,seconds,weight_max_median_ratio
1,24.660906,0.133717,0.03333333,27.6,1.085
2,11.494043,0.29206,0.06666667,26.78,1.23
3,7.762927,0.40069,0.1,27.22,1.379
4,5.128735,0.52267,0.09863048,26.37,1.363
5,3.368318,0.637514,0.09673421,26.49,1.374
6,2.214006,0.709781,0.09433196,26.61,1.368
7,1.387413,0.797468,0.09145005,26.36,1.376
8,0.762668,0.875949,0.08812006,26.38,1.369
9,0.493398,0.908861,0.08437847,26.53,1.376
10,0.297101,0.940852,0.08026627,28.6,1.374
11,0.185567,0.956041,0.07582852,27.71,1.373
12,0.082092,0.978596,0.07111384,28.44,1.373
13,0.055104,0.98504,0.06617388,27.33,1.376
14,0.026115,0.993326,0.06106277,26.47,1.373
15,0.022764,0.993096,0.0558365,26.42,1.377
16,0.00924,0.997238,0.05055235,26.8,1.377
17,0.004069,0.998849,0.04526819,26.64,1.377
18,0.002664,0.99954,0.04004192,26.6,1.378
19,0.002398,0.99954,0.03493081,26.56,1.378
20,0.001431,0.99977,0.02999085,26.61,1.378
21,0.001045,0.99977,0.02527617,26.1,1.378
22,0.001292,0.99954,0.02083842,26.57,1.378
23,0.001255,0.99977,0.01672622,26.43,1.378
24,0.000646,1.0,0.01298463,26.43,1.378
25,0.000944,0.99977,0.00965464,27.11,1.378
26,0.000702,1.0,0.00677273,27.32,1.378
27,0.000843,1.0,0.00437048,26.4,1.378
28,0.00083,1.0,0.00247421,26.23,1.378
29,0.000731,1.0,0.00110469,26.89,1.378
30,0.001094,0.99977,0.00027693,26.73,1.378
